"Date","Action","Symbol","Description","Quantity","Price","Fees & Comm","Amount"
"06/12/2026","Buy","SOXS","DIREXION DAILY SEMICONDUCTOR BEAR 3X SHARES","1","$4.55","","-$4.55"
"06/12/2026","Sell","SOXS","DIREXION DAILY SEMICONDUCTOR BEAR 3X SHARES","2","$4.75","","$9.50"
"06/12/2026","Buy","SOXS","DIREXION DAILY SEMICONDUCTOR BEAR 3X SHARES","1","$4.60","","-$4.60"
"06/12/2026","Buy","SOXS","DIREXION DAILY SEMICONDUCTOR BEAR 3X SHARES","1","$4.70","","-$4.70"
"06/12/2026","Sell","SOXS","DIREXION DAILY SEMICONDUCTOR BEAR 3X SHARES","3","$4.85","","$14.55"
"06/12/2026","Buy","SOXS","DIREXION DAILY SEMICONDUCTOR BEAR 3X SHARES","1","$4.70","","-$4.70"
"06/12/2026","Buy","SOXS","DIREXION DAILY SEMICONDUCTOR BEAR 3X SHARES","1","$4.80","","-$4.80"
"06/12/2026","Buy","SOXS","DIREXION DAILY SEMICONDUCTOR BEAR 3X SHARES","1","$4.85","","-$4.85"
"06/12/2026","Sell","GGLL","DIREXION DAILY GOOGL BULL 2X SHARES","0.2","$119.74","","$23.95"
"06/11/2026","Buy","GGLL","DIREXION DAILY GOOGL BULL 2X SHARES","0.1","$109.3972","","-$10.94"
"06/05/2026","Sell","QQQM","INVESCO NASDAQ ...100 ETF","0.1","$295.722","","$29.57"
"06/05/2026","Buy","QQQM","INVESCO NASDAQ ...100 ETF","0.1","$295.64","","-$29.56"
"06/05/2026","Buy","GGLL","DIREXION DAILY GOOGL BULL 2X SHARES","0.1","$123.95","","-$12.40"
"06/04/2026","Sell","SOXS","DIREXION DAILY SEMICONDUCTOR BEAR 3X SHARES","7","$5.55","","$38.85"
"06/03/2026","Sell","BRKB","BERKSHIRE HATHAWAY CLASS B","0.2","$478.875","","$95.78"
"06/03/2026","Buy","SOXS","DIREXION DAILY SEMICONDUCTOR BEAR 3X SHARES","1","$4.85","","-$4.85"
"06/03/2026","Buy","SOXS","DIREXION DAILY SEMICONDUCTOR BEAR 3X SHARES","1","$4.91","","-$4.91"
"06/02/2026","Buy","SOXS","DIREXION DAILY SEMICONDUCTOR BEAR 3X SHARES","1","$5.30","","-$5.30"
"06/02/2026","Buy","SOXS","DIREXION DAILY SEMICONDUCTOR BEAR 3X SHARES","1","$5.35","","-$5.35"
"06/02/2026","Buy","SOXS","DIREXION DAILY SEMICONDUCTOR BEAR 3X SHARES","1","$5.50","","-$5.50"
"06/02/2026","Buy","SOXS","DIREXION DAILY SEMICONDUCTOR BEAR 3X SHARES","1","$5.72","","-$5.72"
"06/02/2026","Buy","SOXS","DIREXION DAILY SEMICONDUCTOR BEAR 3X SHARES","1","$5.82","","-$5.82"
"06/01/2026","Buy","BRKB","BERKSHIRE HATHAWAY CLASS B","0.1","$468.92","","-$46.89"
"06/01/2026","Buy","BRKB","BERKSHIRE HATHAWAY CLASS B","0.1","$469.8799","","-$46.99"
"05/27/2026","Sell","SOXS","DIREXION DAILY SEMICONDUCTOR BEAR 3X SHARES","1","$6.40","","$6.40"
"05/26/2026","Buy","SOXS","DIREXION DAILY SEMICONDUCTOR BEAR 3X SHARES","1","$6.25","","-$6.25"
"05/22/2026","NRA Tax Adj","QQQI","NEOS NASDAQ-100(R) HIGH INCOME ETF","","","","-$0.20"
"05/22/2026","Non-Qualified Div","QQQI","NEOS NASDAQ-100(R) HIGH INCOME ETF","","","","$1.98"
"05/21/2026","Sell","ALM","ALMONTY INDS INC F","5","$18.50","","$92.50"
"05/21/2026","Sell","SOXS","DIREXION DAILY SEMICONDUCTOR BEAR 3X SHARES","1","$8.73","","$8.73"
"05/20/2026","Buy","SOXS","DIREXION DAILY SEMICONDUCTOR BEAR 3X SHARES","1","$8.50","","-$8.50"
"05/19/2026","Buy","ALM","ALMONTY INDS INC F","1","$16.50","","-$16.50"
"05/18/2026","Buy","ALM","ALMONTY INDS INC F","1","$17.10","","-$17.10"
"05/15/2026","Buy","ALM","ALMONTY INDS INC F","1","$17.45","","-$17.45"
"05/15/2026","Sell","SOXS","DIREXION DAILY SEMICONDUCTOR BEAR 3X SHARES","1","$8.99","","$8.99"
"05/14/2026","Buy","SOXS","DIREXION DAILY SEMICONDUCTOR BEAR 3X SHARES","1","$8.12","","-$8.12"
"05/14/2026","Sell","YANG","DIREXION DAILY FTSE CHINA BEAR 3X SHARES","5","$25.80","","$129.00"
"05/14/2026","Sell","SOXS","DIREXION DAILY SEMICONDUCTOR BEAR 3X SHARES","1","$8.39","","$8.39"
"05/14/2026","Buy","ALM","ALMONTY INDS INC F","1","$18.00","","-$18.00"
"05/13/2026","Buy","ALM","ALMONTY INDS INC F","1","$20.45","","-$20.45"
"05/13/2026","Buy","SOXS","DIREXION DAILY SEMICONDUCTOR BEAR 3X SHARES","1","$8.32","","-$8.32"
"05/13/2026","Buy","YANG","DIREXION DAILY FTSE CHINA BEAR 3X SHARES","2","$24.00","","-$48.00"
"05/12/2026","Sell","SOXS","DIREXION DAILY SEMICONDUCTOR BEAR 3X SHARES","2","$9.60","","$19.20"
"05/11/2026","Buy","SOXS","DIREXION DAILY SEMICONDUCTOR BEAR 3X SHARES","1","$8.30","","-$8.30"
"05/08/2026","Buy","SOXS","DIREXION DAILY SEMICONDUCTOR BEAR 3X SHARES","1","$8.88","","-$8.88"
"05/08/2026","Sell","YANG","DIREXION DAILY FTSE CHINA BEAR 3X SHARES","3","$26.15","","$78.45"
"05/08/2026","Sell","YANG","DIREXION DAILY FTSE CHINA BEAR 3X SHARES","3","$25.8537","","$77.56"
"05/08/2026","Sell","SCHD","SCHWAB U.S. DIVIDEND EQUITY ETF","1","$31.6009","","$31.60"
"05/08/2026","Buy","YANG","DIREXION DAILY FTSE CHINA BEAR 3X SHARES","1","$25.50","","-$25.50"
"05/07/2026","Sell","SOXS","DIREXION DAILY SEMICONDUCTOR BEAR 3X SHARES","1","$10.15","","$10.15"
"05/06/2026","Buy","SOXS","DIREXION DAILY SEMICONDUCTOR BEAR 3X SHARES","1","$10.00","","-$10.00"
"05/06/2026","Buy","YANG","DIREXION DAILY FTSE CHINA BEAR 3X SHARES","1","$26.00","","-$26.00"
"05/06/2026","Buy","YANG","DIREXION DAILY FTSE CHINA BEAR 3X SHARES","1","$26.30","","-$26.30"
"05/04/2026","Buy","SCHD","SCHWAB U.S. DIVIDEND EQUITY ETF","1","$31.50","","-$31.50"
"05/01/2026","Sell","BOXX","ALPHA ARCHITECT 1-3 MONTH BOX ETF","1","$116.5701","","$116.57"
"04/24/2026","Buy","YANG","DIREXION DAILY FTSE CHINA BEAR 3X SHARES","1","$27.00","","-$27.00"
"04/24/2026","NRA Tax Adj","QQQI","NEOS NASDAQ-100(R) HIGH INCOME ETF","","","","-$0.19"
"04/24/2026","Non-Qualified Div","QQQI","NEOS NASDAQ-100(R) HIGH INCOME ETF","","","","$1.89"
"04/17/2026","Buy","YANG","DIREXION DAILY FTSE CHINA BEAR 3X SHARES","1","$25.50","","-$25.50"
"04/14/2026","Buy","YANG","DIREXION DAILY FTSE CHINA BEAR 3X SHARES","2","$27.60","","-$55.20"
"03/31/2026","NRA Tax Adj","YANG","DIREXION DAILY FTSE CHINA BEAR 3X SHARES","","","","-$0.05"
"03/31/2026","Cash Dividend","YANG","DIREXION DAILY FTSE CHINA BEAR 3X SHARES","","","","$0.52"
"03/27/2026","Buy","QQQI","NEOS NASDAQ-100(R) HIGH INCOME ETF","1","$48.50","","-$48.50"
"03/26/2026","Buy","QQQI","NEOS NASDAQ-100(R) HIGH INCOME ETF","1","$49.50","","-$49.50"
"03/23/2026","Buy","YANG","DIREXION DAILY FTSE CHINA BEAR 3X SHARES","1","$30.00","","-$30.00"
"03/23/2026","Buy","YANG","DIREXION DAILY FTSE CHINA BEAR 3X SHARES","1","$33.00","","-$33.00"
"03/20/2026","Journal","BOXX","ALPHA ARCHITECT 1-3 MONTH BOX ETF","-23","","",""
"03/20/2026","Journal","BOXX","ALPHA ARCHITECT 1-3 MONTH BOX ETF","23","","",""
"03/19/2026","Sell","BOXX","ALPHA ARCHITECT 1-3 MONTH BOX ETF","1","$116.02","","$116.02"
"03/18/2026","Buy","QQQI","NEOS NASDAQ-100(R) HIGH INCOME ETF","1","$51.35","","-$51.35"
"03/09/2026","Sell","BOXX","ALPHA ARCHITECT 1-3 MONTH BOX ETF","2","$115.88","","$231.76"
"03/02/2026","Security Transfer","BOXX","ALPHA ARCHITECT 1-3 MONTH BOX ETF","26","","",""
