日期,成交日期,证券代码,证券名称,操作,资金余额,成交数量,成交均价,备注,成交金额,发生金额,手续费,印花税,其他杂费,本次金额,合同编号,成交编号,交易市场,货币单位,委托日期,证券中文全称,股份余额
20260714,20260714,512100,1000ETF,证券卖出,3749.160,100,3.201,0,320.100,320.000,0.100,0.000,0.000,3749.160,0330020765,76054992,沪Ａ,人民币,20260714,中证1000ETF南方,0
20260714,20260714,513530,港股红利,证券卖出,3429.160,500,1.512,0,756.000,755.900,0.100,0.000,0.000,3429.160,0330007774,32396091,沪Ａ,人民币,20260714,港股通红利ETF华泰柏瑞,0
20260714,20260714,513530,港股红利,证券卖出,2673.260,500,1.505,0,752.500,752.400,0.100,0.000,0.000,2673.260,0330004459,14847194,沪Ａ,人民币,20260714,港股通红利ETF华泰柏瑞,500
20260713,20260713,512100,1000ETF,证券买入,1920.860,100,3.165,0,316.500,-316.600,0.100,0.000,0.000,1920.860,0330014833,64159729,沪Ａ,人民币,20260713,中证1000ETF南方,100
20260708,20260708,513530,港股红利,证券卖出,2237.460,500,1.505,0,752.500,752.400,0.100,0.000,0.000,2237.460,0330009123,60644488,沪Ａ,人民币,20260708,港股通红利ETF华泰柏瑞,1000
20260708,20260708,513530,港股红利,证券卖出,1485.060,700,1.493,0,1045.100,1045.000,0.100,0.000,0.000,1485.060,0330004372,13174715,沪Ａ,人民币,20260708,港股通红利ETF华泰柏瑞,1500
20260707,20260707,513530,港股红利,证券买入,440.060,200,1.469,0,293.800,-293.900,0.100,0.000,0.000,440.060,0330014382,62005059,沪Ａ,人民币,20260707,港股通红利ETF华泰柏瑞,2200
20260707,20260707,,,银行转证券,733.960,0,0.000,0,0.000,638.000,0.000,0.000,0.000,733.960,,0,,人民币,20260707,,0
20260630,20260630,513530,港股红利,证券买入,95.960,500,1.430,0,715.000,-715.100,0.100,0.000,0.000,95.960,0330007205,27801758,沪Ａ,人民币,20260630,港股通红利ETF华泰柏瑞,2000
20260625,20260625,,,银行转证券,811.060,0,0.000,0,0.000,750.000,0.000,0.000,0.000,811.060,,0,,人民币,20260625,,0
20260623,20260623,513530,港股红利,证券买入,61.060,500,1.495,0,747.500,-747.600,0.100,0.000,0.000,61.060,0330018254,74997446,沪Ａ,人民币,20260623,港股通红利ETF华泰柏瑞,1500
20260622,20260622,,,银行转证券,808.660,0,0.000,0,0.000,750.000,0.000,0.000,0.000,808.660,,0,,人民币,20260622,,0
20260618,20260618,,,利息归本,818.760,0,0.000,0,0.000,0.860,0.000,0.000,0.000,818.760,,,,人民币,20260618,,0
20260618,20260618,513530,港股红利,证券买入,58.660,500,1.520,0,760.000,-760.100,0.100,0.000,0.000,58.660,0330012618,72785185,沪Ａ,人民币,20260618,港股通红利ETF华泰柏瑞,1000
20260618,20260618,,,银行转证券,817.900,0,0.000,0,0.000,800.000,0.000,0.000,0.000,817.900,,0,,人民币,20260618,,0
20260617,20260617,513530,港股红利,证券买入,17.900,500,1.564,0,782.000,-782.100,0.100,0.000,0.000,17.900,0330019288,75779918,沪Ａ,人民币,20260617,港股通红利ETF华泰柏瑞,500
20260617,20260617,,,银行转证券,800.000,0,0.000,0,0.000,800.000,0.000,0.000,0.000,800.000,,0,,人民币,20260617,,0
20260612,20260612,,,证券转银行,0.000,0,0.000,0,0.000,-3160.830,0.000,0.000,0.000,0.000,,0,,人民币,20260612,,0
20260605,20260605,,,证券转银行,3160.830,0,0.000,0,0.000,-30000.000,0.000,0.000,0.000,3160.830,,0,,人民币,20260605,,0
20260602,20260602,513530,港股红利,证券卖出,33160.830,1800,1.636,0,2944.800,2944.650,0.150,0.000,0.000,33160.830,0330005545,17354264,沪Ａ,人民币,20260602,港股通红利ETF华泰柏瑞,0
20260602,20260602,161716,招商双债,证券卖出,30216.180,1000,1.646,0,1646.000,1645.900,0.100,0.000,0.000,30216.180,EP00006369,0105000059415210,深Ａ,人民币,20260602,招商双债LOF,0
20260601,20260601,,,证券转银行,30212.380,0,0.000,0,0.000,-10000.000,0.000,0.000,0.000,30212.380,,0,,人民币,20260601,,0
20260601,20260601,161716,招商双债,证券买入,28570.280,1000,1.642,0,1642.000,-1642.100,0.100,0.000,0.000,28570.280,EP00002456,0101000004786427,深Ａ,人民币,20260601,招商双债LOF,1000
20260529,20260529,511360,短融ETF,证券卖出,40212.380,300,113.523,0,34056.900,34056.900,0.000,0.000,0.000,40212.380,0330009840,35841928,沪Ａ,人民币,20260529,短融ETF海富通,0
20260529,20260529,131810,Ｒ-001,通用回购逆回购购,6155.480,60,1.305,0,6000.640,6000.640,0.000,0.000,0.000,6155.480,EP00023277,0601000001352867,深Ａ,人民币,20260528,Ｒ-001,0
20260528,20260528,131810,Ｒ-001,通用回购逆回购,154.840,60,1.305,0,6000.000,-6000.060,0.060,0.000,0.000,154.840,EP00023277,0601000004474685,深Ａ,人民币,20260528,Ｒ-001,0
20260528,20260528,511360,短融ETF,证券买入,6154.900,300,113.516,0,34054.800,-34054.800,0.000,0.000,0.000,6154.900,0330018474,71861319,沪Ａ,人民币,20260528,短融ETF海富通,300
20260528,20260528,,,银行转证券,42280.500,0,0.000,0,0.000,30000.000,0.000,0.000,0.000,42280.500,,0,,人民币,20260528,,0
20260528,20260528,513530,港股红利,证券买入,40209.700,300,1.585,0,475.500,-475.600,0.100,0.000,0.000,40209.700,0330017820,69953680,沪Ａ,人民币,20260528,港股通红利ETF华泰柏瑞,1800
20260528,20260528,513530,港股红利,证券买入,40685.300,500,1.590,0,795.000,-795.100,0.100,0.000,0.000,40685.300,0330012699,48422930,沪Ａ,人民币,20260528,港股通红利ETF华泰柏瑞,1500
20260528,20260528,,,证券转银行,12280.500,0,0.000,0,0.000,-30500.000,0.000,0.000,0.000,12280.500,,0,,人民币,20260528,,0
20260528,20260528,513530,港股红利,证券买入,41480.400,500,1.600,0,800.000,-800.100,0.100,0.000,0.000,41480.400,0330003732,23912039,沪Ａ,人民币,20260528,港股通红利ETF华泰柏瑞,1000
20260527,20260527,513530,港股红利,证券买入,42780.500,500,1.619,0,809.500,-809.600,0.100,0.000,0.000,42780.500,0330004722,15421601,沪Ａ,人民币,20260527,港股通红利ETF华泰柏瑞,500
20260525,20260525,,,证券转银行,43590.100,0,0.000,0,0.000,-500.000,0.000,0.000,0.000,43590.100,,0,,人民币,20260525,,0
20260522,20260522,600158,中体产业,证券卖出,44090.100,100,11.950,0,1195.000,1194.290,0.100,0.600,0.000,44090.100,0330003675,28447709,沪Ａ,人民币,20260522,中体产业,0
20260521,20260521,600158,中体产业,证券买入,42895.810,100,11.450,0,1145.000,-1145.110,0.100,0.000,0.000,42895.810,0330012727,70912178,沪Ａ,人民币,20260521,中体产业,100
20260519,20260519,,,银行转证券,10126.660,0,0.000,0,0.000,10000.000,0.000,0.000,0.000,10126.660,,0,,人民币,20260519,,0
20260519,20260519,159307,100红利,证券卖出,44040.920,1000,1.056,0,1056.000,1055.900,0.100,0.000,0.000,44040.920,EP00005244,0103000014585240,深Ａ,人民币,20260519,红利低波100ETF博时,0
20260519,20260519,161716,招商双债,证券卖出,42985.020,20000,1.643,0,32860.000,32858.360,1.640,0.000,0.000,42985.020,EP00005207,0103000027055151,深Ａ,人民币,20260519,招商双债LOF,0
20260518,20260518,159307,100红利,证券买入,126.660,500,1.048,0,524.000,-524.100,0.100,0.000,0.000,126.660,EP00019004,0104000079635966,深Ａ,人民币,20260518,红利低波100ETF博时,1000
20260515,20260515,159307,100红利,证券买入,650.760,500,1.055,0,527.500,-527.600,0.100,0.000,0.000,650.760,EP00021590,0103000080782694,深Ａ,人民币,20260515,红利低波100ETF博时,500
20260514,20260514,161716,招商双债,证券买入,1178.360,20000,1.641,0,32820.000,-32821.640,1.640,0.000,0.000,1178.360,EP00020560,0101000080155718,深Ａ,人民币,20260514,招商双债LOF,20000
20260513,20260513,,,银行转证券,34000.000,0,0.000,0,0.000,34000.000,0.000,0.000,0.000,34000.000,,0,,人民币,20260513,,0
20260323,20260323,,,证券转银行,0.000,0,0.000,0,0.000,-600.040,0.000,0.000,0.000,0.000,,0,,人民币,20260323,,0
20260320,20260320,,,利息归本,600.040,0,0.000,0,0.000,0.040,0.000,0.000,0.000,600.040,,,,人民币,20260320,,0
20260319,20260319,,,银行转证券,600.000,0,0.000,0,0.000,600.000,0.000,0.000,0.000,600.000,,0,,人民币,20260319,,0
20260115,20260115,,,证券转银行,0.000,0,0.000,0,0.000,-1790.160,0.000,0.000,0.000,0.000,,0,,人民币,20260115,,0
20260114,20260114,161716,招商双债,证券卖出,1790.160,500,1.609,0,804.500,804.400,0.100,0.000,0.000,1790.160,EP00015361,0104000107831957,深圳Ａ股,人民币,20260114,招商双债LOF,0
20251219,20251219,,,利息归本,985.760,0,0.000,0,0.000,0.060,0.000,0.000,0.000,985.760,,,,人民币,20251219,,0
20251204,20251204,161716,招商双债,证券买入,985.700,500,1.608,0,804.000,-804.100,0.100,0.000,0.000,985.700,EP00010823,0102000037591933,深圳Ａ股,人民币,20251204,招商双债LOF,500
20251126,20251126,159915,创业板,证券卖出,1789.800,200,3.003,0,600.600,600.500,0.100,0.000,0.000,1789.800,EP00011838,0101000029831772,深圳Ａ股,人民币,20251126,创业板ETF,0
20251125,20251125,159915,创业板,证券卖出,1189.300,100,2.950,0,295.000,294.900,0.100,0.000,0.000,1189.300,EP00003045,0105000006087331,深圳Ａ股,人民币,20251125,创业板ETF,200
20251124,20251124,159915,创业板,证券卖出,894.400,100,2.925,0,292.500,292.400,0.100,0.000,0.000,894.400,EP00016968,0105000051886969,深圳Ａ股,人民币,20251124,创业板ETF,300
20251124,20251124,,,银行转证券,602.000,0,0.000,0,0.000,600.000,0.000,0.000,0.000,602.000,,0,,人民币,20251124,,0
20251121,20251121,159915,创业板,证券买入,2.000,100,2.905,0,290.500,-290.600,0.100,0.000,0.000,2.000,EP00025601,0103000072477235,深圳Ａ股,人民币,20251121,创业板ETF,400
20251121,20251121,,,银行转证券,587.200,0,0.000,0,0.000,202.000,0.000,0.000,0.000,587.200,,0,,人民币,20251121,,0
20251121,20251121,159915,创业板,证券买入,292.600,100,2.945,0,294.500,-294.600,0.100,0.000,0.000,292.600,EP00006959,0103000029994926,深圳Ａ股,人民币,20251121,创业板ETF,300
20251119,20251119,159915,创业板,证券买入,385.200,100,3.050,0,305.000,-305.100,0.100,0.000,0.000,385.200,EP00011382,0105000043535027,深圳Ａ股,人民币,20251119,创业板ETF,200
20251119,20251119,159915,创业板,证券卖出,690.300,100,3.072,0,307.200,307.100,0.100,0.000,0.000,690.300,EP00010364,0105000028655756,深圳Ａ股,人民币,20251119,创业板ETF,100
20251118,20251118,159915,创业板,证券买入,383.200,100,3.050,0,305.000,-305.100,0.100,0.000,0.000,383.200,EP00012832,0104000052682870,深圳Ａ股,人民币,20251118,创业板ETF,200
20251114,20251114,159915,创业板,证券买入,688.300,100,3.120,0,312.000,-312.100,0.100,0.000,0.000,688.300,EP00021577,0103000061078195,深圳Ａ股,人民币,20251114,创业板ETF,100
20251112,20251112,161716,招商双债,证券卖出,1000.400,600,1.610,0,966.000,965.900,0.100,0.000,0.000,1000.400,EP00021970,0105000062600948,深圳Ａ股,人民币,20251112,招商双债LOF,0
20251111,20251111,161716,招商双债,证券买入,34.500,600,1.609,0,965.400,-965.500,0.100,0.000,0.000,34.500,EP00012100,0103000045973973,深圳Ａ股,人民币,20251111,招商双债LOF,600
20251110,20251110,,,银行转证券,1000.000,0,0.000,0,0.000,1000.000,0.000,0.000,0.000,1000.000,,0,,人民币,20251110,,0
20251106,20251106,,,证券转银行,0.000,0,0.000,0,0.000,-1000.000,0.000,0.000,0.000,0.000,,0,,人民币,20251106,,0
20251105,20251105,,,银行转证券,1000.000,0,0.000,0,0.000,1000.000,0.000,0.000,0.000,1000.000,,0,,人民币,20251105,,0
20250911,20250911,,,证券转银行,0.000,0,0.000,0,0.000,-3.320,0.000,0.000,0.000,0.000,,0,,人民币,20250911,,0
20250320,20250320,,,利息归本,3.320,0,0.000,0,0.000,3.320,0.000,0.000,0.000,3.320,,,,人民币,20250320,,0
20250303,20250303,,,证券转银行,0.000,0,0.000,0,0.000,-73190.630,0.000,0.000,0.000,0.000,,0,,人民币,20250303,,0
20250228,20250228,204002,GC002,通用回购逆回购购,73190.630,730,2.200,0,73017.600,73017.600,0.000,0.000,0.000,73190.630,0330011636,1200801003391679,上海Ａ股,人民币,20250226,GC002,0
20250226,20250226,204002,GC002,通用回购逆回购,173.030,730,2.200,0,73000.000,-73001.460,1.460,0.000,0.000,173.030,0330011636,1200801003391679,上海Ａ股,人民币,20250226,GC002,0
20250226,20250226,511880,银华日利,证券卖出,73174.490,700,100.249,0,70174.300,70174.300,0.000,0.000,0.000,73174.490,0330011594,33632572,上海Ａ股,人民币,20250226,银华日利ETF,0
20250226,20250226,,,证券转银行,0.000,0,0.000,0,0.000,-866.010,0.000,0.000,0.000,0.000,,0,,人民币,20250226,,0
20250226,20250226,204001,GC001,通用回购逆回购购,3000.190,30,2.300,0,3000.190,3000.190,0.000,0.000,0.000,3000.190,0330011881,1200801003359103,上海Ａ股,人民币,20250225,GC001,0
20250225,20250225,204001,GC001,通用回购逆回购,866.010,30,2.300,0,3000.000,-3000.030,0.030,0.000,0.000,866.010,0330011881,1200801003359103,上海Ａ股,人民币,20250225,GC001,0
20250225,20250225,511880,银华日利,证券买入,3866.040,700,100.248,0,70173.600,-70173.600,0.000,0.000,0.000,3866.040,0330011586,40389677,上海Ａ股,人民币,20250225,银华日利ETF,700
20250225,20250225,204001,GC001,通用回购逆回购购,74039.640,740,2.225,0,74004.510,74004.510,0.000,0.000,0.000,74039.640,0330012718,1200801003190749,上海Ａ股,人民币,20250224,GC001,0
20250224,20250224,204001,GC001,通用回购逆回购,35.130,740,2.225,0,74000.000,-74000.740,0.740,0.000,0.000,35.130,0330012718,1200801003190749,上海Ａ股,人民币,20250224,GC001,0
20250224,20250224,131810,Ｒ-001,通用回购逆回购购,74035.870,720,2.295,0,72004.530,72004.530,0.000,0.000,0.000,74035.870,EP00022125,0601000001131008,深圳Ａ股,人民币,20250221,Ｒ-001,0
20250221,20250221,131810,Ｒ-001,通用回购逆回购,2031.340,720,2.295,0,72000.000,-72000.720,0.720,0.000,0.000,2031.340,EP00022125,0601000003999413,深圳Ａ股,人民币,20250221,Ｒ-001,0
20250221,20250221,204002,GC002,通用回购逆回购购,74032.060,740,1.960,0,74015.890,74015.890,0.000,0.000,0.000,74032.060,0330016036,1200801004433765,上海Ａ股,人民币,20250219,GC002,0
20250219,20250219,204002,GC002,通用回购逆回购,16.170,740,1.960,0,74000.000,-74001.480,1.480,0.000,0.000,16.170,0330016036,1200801004433765,上海Ａ股,人民币,20250219,GC002,0
20250219,20250219,131810,Ｒ-001,通用回购逆回购购,74017.650,740,2.360,0,74004.780,74004.780,0.000,0.000,0.000,74017.650,EP00017566,0601000000752015,深圳Ａ股,人民币,20250218,Ｒ-001,0
20250218,20250218,131810,Ｒ-001,通用回购逆回购,12.870,740,2.360,0,74000.000,-74000.740,0.740,0.000,0.000,12.870,EP00017566,0601000003227507,深圳Ａ股,人民币,20250218,Ｒ-001,0
20250218,20250218,131810,Ｒ-001,通用回购逆回购购,74013.610,740,2.035,0,74004.130,74004.130,0.000,0.000,0.000,74013.610,EP00018971,0601000000717751,深圳Ａ股,人民币,20250217,Ｒ-001,0
20250217,20250217,131810,Ｒ-001,通用回购逆回购,9.480,740,2.035,0,74000.000,-74000.740,0.740,0.000,0.000,9.480,EP00018971,0601000003569355,深圳Ａ股,人民币,20250217,Ｒ-001,0
20250217,20250217,204001,GC001,通用回购逆回购购,74010.220,740,1.920,0,74003.890,74003.890,0.000,0.000,0.000,74010.220,0330014588,1200801004495832,上海Ａ股,人民币,20250214,GC001,0
20250214,20250214,204001,GC001,通用回购逆回购,6.330,740,1.920,0,74000.000,-74000.740,0.740,0.000,0.000,6.330,0330014588,1200801004495832,上海Ａ股,人民币,20250214,GC001,0
20250214,20250214,,,银行转证券,74007.070,0,0.000,0,0.000,7.070,0.000,0.000,0.000,74007.070,,0,,人民币,20250214,,0
20250214,20250214,,,银行转证券,74000.000,0,0.000,0,0.000,74000.000,0.000,0.000,0.000,74000.000,,0,,人民币,20250214,,0
20250213,20250213,,,证券转银行,0.000,0,0.000,0,0.000,-21523.920,0.000,0.000,0.000,0.000,,0,,人民币,20250213,,0
20250212,20250212,159915,创业板,证券卖出,21523.920,3500,2.150,0,7525.000,7524.620,0.380,0.000,0.000,21523.920,EP00019130,0102000067864153,深圳Ａ股,人民币,20250212,创业板ETF,0
20250212,20250212,510300,300ETF,证券卖出,13999.300,3500,4.000,0,14000.000,13999.300,0.700,0.000,0.000,13999.300,0330011013,42347575,上海Ａ股,人民币,20250212,沪深300ETF,0
20250206,20250206,,,证券转银行,0.000,0,0.000,0,0.000,-30472.740,0.000,0.000,0.000,0.000,,0,,人民币,20250206,,0
20250124,20250124,,,证券转银行,30472.740,0,0.000,0,0.000,-25000.000,0.000,0.000,0.000,30472.740,,0,,人民币,20250124,,0
20250121,20250121,,,银行转证券,55472.740,0,0.000,0,0.000,5000.000,0.000,0.000,0.000,55472.740,,0,,人民币,20250121,,0
20250116,20250116,511880,银华日利,证券卖出,50472.740,500,100.105,0,50052.500,50052.500,0.000,0.000,0.000,50472.740,0330013854,34388181,上海Ａ股,人民币,20250116,银华日利ETF,0
20250107,20250107,511880,银华日利,证券买入,420.240,500,100.085,0,50042.500,-50042.500,0.000,0.000,0.000,420.240,0330007597,17112869,上海Ａ股,人民币,20250107,银华日利ETF,500
20250106,20250106,161716,招商双债,证券卖出,50462.740,15600,1.602,0,24991.200,24989.950,1.250,0.000,0.000,50462.740,EP00004448,0102000011167718,深圳Ａ股,人民币,20250106,招商双债LOF,0
20241231,20241231,,,银行转证券,25472.790,0,0.000,0,0.000,25000.000,0.000,0.000,0.000,25472.790,,0,,人民币,20241231,,0
20241220,20241220,,,利息归本,472.790,0,0.000,0,0.000,1.830,0.000,0.000,0.000,472.790,,,,人民币,20241220,,0
20241213,20241213,161716,招商双债,证券买入,470.960,12500,1.592,0,19900.000,-19901.000,1.000,0.000,0.000,470.960,EP00028045,0101000089490830,深圳Ａ股,人民币,20241213,招商双债LOF,15600
20241213,20241213,511880,银华日利,证券卖出,20371.960,100,101.557,0,10155.700,10155.700,0.000,0.000,0.000,20371.960,0330020776,62491295,上海Ａ股,人民币,20241213,银华日利ETF,0
20241213,20241213,511880,银华日利,证券卖出,10216.260,100,101.557,0,10155.700,10155.700,0.000,0.000,0.000,10216.260,0330020755,62410473,上海Ａ股,人民币,20241213,银华日利ETF,100
20241213,20241213,161716,招商双债,证券买入,60.560,600,1.592,0,955.200,-955.300,0.100,0.000,0.000,60.560,EP00024852,0101000085184344,深圳Ａ股,人民币,20241213,招商双债LOF,3100
20241213,20241213,161716,招商双债,证券卖出,1015.860,600,1.592,0,955.200,955.100,0.100,0.000,0.000,1015.860,EP00018313,0101000055293812,深圳Ａ股,人民币,20241213,招商双债LOF,2500
20241211,20241211,161716,招商双债,证券买入,60.760,3100,1.587,0,4919.700,-4919.950,0.250,0.000,0.000,60.760,EP00021312,0101000065699953,深圳Ａ股,人民币,20241211,招商双债LOF,3100
20241211,20241211,,,银行转证券,4980.710,0,0.000,0,0.000,4915.910,0.000,0.000,0.000,4980.710,,0,,人民币,20241211,,0
20241209,20241209,511880,银华日利,证券买入,64.800,200,101.531,0,20306.200,-20306.200,0.000,0.000,0.000,64.800,0330012869,44100785,上海Ａ股,人民币,20241209,银华日利ETF,200
20241209,20241209,,,银行转证券,20371.000,0,0.000,0,0.000,17115.880,0.000,0.000,0.000,20371.000,,0,,人民币,20241209,,0
20241009,20241009,,,证券转银行,3255.120,0,0.000,0,0.000,-10000.000,0.000,0.000,0.000,3255.120,,0,,人民币,20241009,,0
20240920,20240920,,,利息归本,13255.120,0,0.000,0,0.000,6.270,0.000,0.000,0.000,13255.120,,,,人民币,20240920,,0
20240919,20240919,512100,1000ETF,证券卖出,13248.850,500,1.835,0,917.500,917.400,0.100,0.000,0.000,13248.850,0330005573,13467395,上海Ａ股,人民币,20240919,中证1000ETF,0
20240919,20240919,159903,深成ETF,证券卖出,12331.450,500,0.975,0,487.500,487.400,0.100,0.000,0.000,12331.450,EP00006920,0101000019274553,深圳Ａ股,人民币,20240919,深成ETF,0
20240918,20240918,560350,A50指数,证券卖出,11844.050,500,0.921,0,460.500,460.400,0.100,0.000,0.000,11844.050,0330006257,17212023,上海Ａ股,人民币,20240918,中证A50ETF指数基金,0
20240913,20240913,159903,深成ETF,证券买入,11383.650,500,0.960,0,480.000,-480.100,0.100,0.000,0.000,11383.650,EP00010169,0103000034462563,深圳Ａ股,人民币,20240913,深成ETF,500
20240913,20240913,560350,A50指数,证券买入,11863.750,500,0.920,0,460.000,-460.100,0.100,0.000,0.000,11863.750,0330007252,22142309,上海Ａ股,人民币,20240913,中证A50ETF指数基金,500
20240911,20240911,560350,A50指数,证券卖出,12323.850,500,0.925,0,462.500,462.400,0.100,0.000,0.000,12323.850,0330003168,9416648,上海Ａ股,人民币,20240911,中证A50ETF指数基金,0
20240911,20240911,159903,深成ETF,证券卖出,11861.450,500,0.970,0,485.000,484.900,0.100,0.000,0.000,11861.450,EP00004077,0102000012970186,深圳Ａ股,人民币,20240911,深成ETF,0
20240910,20240910,560350,A50指数,证券买入,11376.550,500,0.923,0,461.500,-461.600,0.100,0.000,0.000,11376.550,0330009747,27052527,上海Ａ股,人民币,20240910,中证A50ETF指数基金,500
20240910,20240910,560350,A50指数,证券卖出,11838.150,500,0.926,0,463.000,462.900,0.100,0.000,0.000,11838.150,0330008363,22872633,上海Ａ股,人民币,20240910,中证A50ETF指数基金,0
20240910,20240910,512100,1000ETF,证券买入,11375.250,500,1.800,0,900.000,-900.100,0.100,0.000,0.000,11375.250,0330002873,7811926,上海Ａ股,人民币,20240910,中证1000ETF,500
20240910,20240910,159903,深成ETF,证券买入,12275.350,500,0.960,0,480.000,-480.100,0.100,0.000,0.000,12275.350,EP00002486,0101000012331898,深圳Ａ股,人民币,20240910,深成ETF,500
20240909,20240909,560350,A50指数,证券买入,12755.450,500,0.925,0,462.500,-462.600,0.100,0.000,0.000,12755.450,0330006131,19715630,上海Ａ股,人民币,20240909,中证A50ETF指数基金,500
20240827,20240827,159915,创业板,证券买入,13218.050,1000,1.500,0,1500.000,-1500.100,0.100,0.000,0.000,13218.050,EP00003374,0104000014291271,深圳Ａ股,人民币,20240827,创业板ETF,3500
20240807,20240807,560350,A50指数,证券卖出,14718.150,500,0.951,0,475.500,475.400,0.100,0.000,0.000,14718.150,0330002353,5332848,上海Ａ股,人民币,20240807,中证A50ETF指数基金,0
20240806,20240806,560350,A50指数,证券买入,14242.750,500,0.950,0,475.000,-475.100,0.100,0.000,0.000,14242.750,0330003434,11027748,上海Ａ股,人民币,20240806,中证A50ETF指数基金,500
20240724,20240724,512880,证券ETF,证券卖出,14717.850,2500,0.781,0,1952.500,1952.400,0.100,0.000,0.000,14717.850,0330009994,25094924,上海Ａ股,人民币,20240724,证券ETF,0
20240724,20240724,560350,A50指数,证券卖出,12765.450,500,0.985,0,492.500,492.400,0.100,0.000,0.000,12765.450,0330000102,3768687,上海Ａ股,人民币,20240724,中证A50ETF指数基金,0
20240710,20240710,560350,A50指数,红利入账,12273.050,500,0.000,0,4.700,4.700,0.000,0.000,0.000,12273.050,,0,上海Ａ股,人民币,20240710,中证A50ETF指数基金,0
20240708,20240708,159915,创业板,证券买入,12268.350,1000,1.600,0,1600.000,-1600.100,0.100,0.000,0.000,12268.350,EP00010504,0103000033556210,深圳Ａ股,人民币,20240708,创业板ETF,2500
20240708,20240708,512880,证券ETF,证券买入,13868.450,1000,0.750,0,750.000,-750.100,0.100,0.000,0.000,13868.450,0330004984,24958733,上海Ａ股,人民币,20240708,证券ETF,2500
20240705,20240705,560350,A50指数,证券买入,14618.550,500,0.975,0,487.500,-487.600,0.100,0.000,0.000,14618.550,0330002521,9849029,上海Ａ股,人民币,20240705,中证A50ETF指数基金,500
20240625,20240625,512880,证券ETF,证券买入,15106.150,1500,0.800,0,1200.000,-1200.100,0.100,0.000,0.000,15106.150,0330004842,24514468,上海Ａ股,人民币,20240625,证券ETF,1500
20240624,20240624,159915,创业板,证券买入,16306.250,1500,1.700,0,2550.000,-2550.130,0.130,0.000,0.000,16306.250,EP00007779,0103000047629534,深圳Ａ股,人民币,20240624,创业板ETF,1500
20240620,20240620,,,利息归本,18856.380,0,0.000,0,0.000,9.540,0.000,0.000,0.000,18856.380,,,,人民币,20240620,,0
20240527,20240527,512880,证券ETF,证券卖出,18846.840,2000,0.845,0,1690.000,1689.900,0.100,0.000,0.000,18846.840,0330009973,29341089,上海Ａ股,人民币,20240527,证券ETF,0
20240524,20240524,512880,证券ETF,证券买入,17156.940,2000,0.840,0,1680.000,-1680.100,0.100,0.000,0.000,17156.940,0330008741,28568175,上海Ａ股,人民币,20240524,证券ETF,2000
20240507,20240507,,,证券转银行,18837.040,0,0.000,0,0.000,-1000.000,0.000,0.000,0.000,18837.040,,0,,人民币,20240507,,0
20240426,20240426,560350,A50指数,证券卖出,19837.040,1000,1.010,0,1010.000,1009.900,0.100,0.000,0.000,19837.040,0330007609,23057044,上海Ａ股,人民币,20240426,中证A50ETF指数基金,0
20240422,20240422,,,证券转银行,18827.140,0,0.000,0,0.000,-300.000,0.000,0.000,0.000,18827.140,,0,,人民币,20240422,,0
20240322,20240322,,,证券转银行,20127.240,0,0.000,0,0.000,-800.000,0.000,0.000,0.000,20127.240,,0,,人民币,20240322,,0
20240322,20240322,560350,A50指数,证券买入,19127.140,1000,1.000,0,1000.000,-1000.100,0.100,0.000,0.000,19127.140,0330001800,3221818,上海Ａ股,人民币,20240322,中证A50ETF指数基金,1000
20240320,20240320,,,利息归本,20927.240,0,0.000,0,0.000,4.770,0.000,0.000,0.000,20927.240,,,,人民币,20240320,,0
20240313,20240313,513500,标普500,证券卖出,20922.470,1500,1.790,0,2685.000,2684.870,0.130,0.000,0.000,20922.470,0330010322,24094735,上海Ａ股,人民币,20240313,标普500ETF,0
20240312,20240312,513500,标普500,证券买入,18237.600,1500,1.788,0,2682.000,-2682.130,0.130,0.000,0.000,18237.600,0330010677,32669713,上海Ａ股,人民币,20240312,标普500ETF,1500
20240312,20240312,513050,中概互联,证券卖出,20919.730,3000,0.910,0,2730.000,2729.860,0.140,0.000,0.000,20919.730,0330010496,24987806,上海Ａ股,人民币,20240312,中概互联网ETF,0
20240305,20240305,513050,中概互联,证券买入,18189.870,3000,0.870,0,2610.000,-2610.130,0.130,0.000,0.000,18189.870,0330009289,32566710,上海Ａ股,人民币,20240305,中概互联网ETF,3000
20240229,20240229,,,银行转证券,20800.000,0,0.000,0,0.000,20800.000,0.000,0.000,0.000,20800.000,,0,,人民币,20240229,,0
20240207,20240207,,,证券转银行,0.000,0,0.000,0,0.000,-8370.020,0.000,0.000,0.000,0.000,,0,,人民币,20240207,,0
20240202,20240202,510300,300ETF,证券买入,8370.020,1500,3.150,0,4725.000,-4725.240,0.240,0.000,0.000,8370.020,0330006918,34798288,上海Ａ股,人民币,20240202,沪深300ETF,3500
20240202,20240202,510300,300ETF,证券买入,13095.260,1500,3.190,0,4785.000,-4785.240,0.240,0.000,0.000,13095.260,0330004831,22269171,上海Ａ股,人民币,20240202,沪深300ETF,2000
20240124,20240124,,,银行转证券,17880.500,0,0.000,0,0.000,1000.000,0.000,0.000,0.000,17880.500,,0,,人民币,20240124,,0
20240124,20240124,,,银行转证券,16880.500,0,0.000,0,0.000,8000.000,0.000,0.000,0.000,16880.500,,0,,人民币,20240124,,0
20240122,20240122,510300,300ETF,红利入账,8880.500,500,0.000,0,34.500,34.500,0.000,0.000,0.000,8880.500,,0,沪Ａ,人民币,20240122,沪深300ETF,0
20240117,20240117,510300,300ETF,证券买入,8846.000,500,3.321,0,1660.500,-1660.600,0.100,0.000,0.000,8846.000,0330006399,26438262,沪Ａ,人民币,20240117,沪深300ETF,500
20240112,20240112,601187,厦门银行,证券卖出,10506.600,100,5.190,0,519.000,518.630,0.100,0.260,0.000,10506.600,0330002034,5918659,沪Ａ,人民币,20240112,厦门银行,0
20240105,20240105,,,银行转证券,10507.080,0,0.000,0,0.000,4000.160,0.000,0.000,0.000,10507.080,,0,,人民币,20240105,,0
20240105,20240105,601187,厦门银行,证券买入,9987.970,100,5.190,0,519.000,-519.110,0.100,0.000,0.000,9987.970,0330005582,23952490,沪Ａ,人民币,20240105,厦门银行,100
20231229,20231229,204007,GC007,通用回购逆回购购,6506.920,60,5.360,0,6007.050,6007.050,0.000,0.000,0.000,6506.920,0330002386,1200801000727634,沪Ａ,人民币,20231222,GC007,0
20231222,20231222,204007,GC007,通用回购逆回购,499.870,60,5.360,0,6000.000,-6000.300,0.300,0.000,0.000,499.870,0330002386,1200801000727634,沪Ａ,人民币,20231222,GC007,0
20231222,20231222,,,银行转证券,6500.170,0,0.000,0,0.000,6500.000,0.000,0.000,0.000,6500.170,,0,,人民币,20231222,,0
20231220,20231220,,,利息归本,0.170,0,0.000,0,0.000,0.170,0.000,0.000,0.000,0.170,,,,人民币,20231220,,0
20231215,20231215,,,证券转银行,0.000,0,0.000,0,0.000,-30206.940,0.000,0.000,0.000,0.000,,0,,人民币,20231215,,0
20231215,20231215,,,银行转证券,30206.940,0,0.000,0,0.000,15.000,0.000,0.000,0.000,30206.940,,0,,人民币,20231215,,0
20231214,20231214,132001,金自来,报价融券购回,30191.940,300,100.004,0,30001.230,30001.230,0.000,0.000,0.000,30191.940,EP00008538,0201000000276641,深Ａ,人民币,20231213,金自来,0
20231213,20231213,132001,金自来,报价融券回购,190.710,300,100.000,0,30000.000,-30000.000,0.000,0.000,0.000,190.710,EP00008538,0201000000276641,深Ａ,人民币,20231213,金自来,0
20231213,20231213,132001,金自来,报价融券购回,30190.710,300,100.004,0,30001.230,30001.230,0.000,0.000,0.000,30190.710,EP00009520,0201000000754520,深Ａ,人民币,20231212,金自来,0
20231212,20231212,132001,金自来,报价融券回购,189.480,300,100.000,0,30000.000,-30000.000,0.000,0.000,0.000,189.480,EP00009520,0201000000754520,深Ａ,人民币,20231212,金自来,0
20231212,20231212,132001,金自来,报价融券购回,30189.480,300,100.004,0,30001.230,30001.230,0.000,0.000,0.000,30189.480,EP00008943,0201000000870826,深Ａ,人民币,20231211,金自来,0
20231211,20231211,132001,金自来,报价融券回购,188.250,300,100.000,0,30000.000,-30000.000,0.000,0.000,0.000,188.250,EP00008943,0201000000870826,深Ａ,人民币,20231211,金自来,0
20231211,20231211,132001,金自来,报价融券购回,30188.250,300,100.627,0,30188.250,30188.250,0.000,0.000,0.000,30188.250,EP00004995,0201000000144412,深Ａ,人民币,20231113,金自来,0
20231113,20231113,132001,金自来,报价融券回购,0.000,300,100.000,0,30000.000,-30000.000,0.000,0.000,0.000,0.000,EP00004995,0201000000144412,深Ａ,人民币,20231113,金自来,0
20231113,20231113,,,银行转证券,30000.000,0,0.000,0,0.000,30000.000,0.000,0.000,0.000,30000.000,,0,,人民币,20231113,,0
20231108,20231108,799999,指定登记,指定交易,0.000,0,0.000,0,0.000,0.000,0.000,0.000,0.000,0.000,0330000171,34958631,沪Ａ,人民币,20231108,指定登记,0
